player,birth_date
aaron cresswell,1989-12-15
aaron hickey,2002-06-10
aaron ramsdale,1998-05-14
aaron ramsey,1990-12-26
aaron wan-bissaka,1997-11-26
abdoulaye doucouré,1993-01-01
abdukodir khusanov,2004-02-29
abdul fatawu issahaku,2004-03-08
adam armstrong,
adam lallana,1988-05-10
adam smith,1723-06-05
adam webster,1995-01-04
adam wharton,2004-02-06
adama traoré,
albert sambi lokonga,1999-10-22
alejandro garnacho,2004-07-01
alejo véliz,2003-09-19
aleksandar mitrović,1994-09-16
alex iwobi,1996-05-03
alex mccarthy,1989-12-03
alex palmer,2000-01-01
alex scott,1984-10-14
alexander isak,1999-09-21
alexis mac allister,1998-12-24
alfie doughty,1999-12-21
alfie gilchrist,2003-11-28
alisson,
alphonse aréola,1993-02-27
altay bayındır,1998-04-14
amad diallo,2002-07-11
amadou onana,2001-08-16
amari'i bell,1994-05-05
ameen al-dakhil,2002-03-06
andre brooks,
andreas pereira,1996-01-01
andrew omobamidele,2002-06-23
andrew robertson,
andros townsend,1991-07-16
andré,
andré gomes,1993-07-30
andré onana,1996-04-02
andy irving,
anel ahmedhodžić,1999-03-26
angelo ogbonna,1988-05-23
ansu fati,2002-10-31
anthony elanga,2002-04-27
anthony gordon,2001-02-24
anthony martial,1995-12-05
antoine semenyo,2000-01-07
antonee robinson,1997-08-08
antony,
antonín kinský,1975-05-31
archie gray,1878-08-24
arijanet murić,1998-11-07
armando broja,2001-09-10
arnaut danjuma,1997-01-31
ashley young,1985-07-09
auston trusty,1998-08-12
axel disasi,1998-03-11
axel tuanzebe,1997-11-14
ayden heaven,2006-09-22
aymeric laporte,1994-05-27
bart verbruggen,2002-08-18
ben brereton díaz,1999-04-18
ben chilwell,1996-12-21
ben davies,1993-04-24
ben godfrey,1998-01-15
ben johnson,1918-06-13
ben mee,1989-09-21
ben osborn,1994-08-05
ben white,1997-10-08
benjamin white,1790-05-13
benoît badiashile,2001-03-26
bernardo silva,2001-05-31
bernd leno,1992-03-04
beto,
bilal el khannouss,2004-05-10
billy gilmour,2001-06-11
bobby decordova-reid,1993-02-02
boubacar kamara,1999-11-23
boubacar traoré,1913-07-15
boubakary soumaré,1999-02-27
brajan gruda,2004-05-31
brandon austin,1999-01-07
brennan johnson,2001-05-23
bruno fernandes,1994-09-08
bruno guimarães,1997-11-16
bryan gil,2001-02-11
bryan mbeumo,1999-08-07
bukayo saka,2001-09-05
caleb okoli,2001-07-13
callum hudson-odoi,2000-11-07
callum wilson,1992-02-27
calum chambers,1995-01-20
calvin bassey,1999-12-31
cameron archer,2001-12-09
cameron burgess,1995-10-21
caoimhin kelleher,1998-11-23
carlos alcaraz,2003-05-05
carlos baleba,2004-01-03
carlos soler,1997-01-02
carlos vinícius,1951-04-29
carlton morris,1950-10-24
carney chukwuemeka,2003-10-20
casemiro,1992-02-23
cauley woodrow,1994-12-02
charlie taylor,
cheick doucouré,2000-01-08
chido obi-martin,2007-11-29
chiedozie ogbene,1997-05-01
chris mepham,1997-11-05
chris richards,2000-03-28
chris wood,1991-12-07
christian eriksen,1992-02-14
christian nørgaard,1994-03-10
christian walton,1995-11-09
christopher nkunku,1997-11-14
clément lenglet,1995-06-17
cody gakpo,1999-05-07
cole palmer,2002-05-06
connor roberts,1995-09-23
conor bradley,2003-07-09
conor chaplin,
conor coady,1993-02-25
conor gallagher,2000-02-06
conor townsend,1993-03-04
craig dawson,1990-05-06
cristian romero,1998-04-27
crysencio summerville,2001-10-30
curtis jones,2001-01-30
daichi kamada,1996-08-05
dan burn,1992-05-09
dane scarlett,2004-03-24
dango ouattara,2002-02-11
daniel bentley,1993-07-13
daniel jebbison,2003-07-11
daniel muñoz,1996-11-21
danilo,
danny ings,1992-07-23
danny welbeck,1990-11-26
dara o'shea,1999-03-04
darwin núñez,1999-06-24
david brooks,
david datro fofana,2002-12-22
david raya,1995-09-15
davinson sánchez,1996-06-12
dean henderson,1997-03-12
dean huijsen,2005-04-14
declan rice,1999-01-14
dejan kulusevski,2000-04-25
destiny udogie,2002-11-28
diego carlos,1993-03-15
diego gómez,
diogo dalot,1999-03-18
diogo jota,1996-12-04
divock origi,1995-04-18
djed spence,2000-08-09
dominic calvert-lewin,1997-03-16
dominic solanke,1997-09-14
dominik szoboszlai,2000-10-25
donyell malen,1999-01-19
douglas luiz,1998-05-09
dwight mcneil,1999-11-22
eberechi eze,1998-06-29
ederson,
edson álvarez,1997-10-24
edward nketiah,
elijah adebayo,1998-01-07
elliot anderson,
emerson palmieri,1994-08-03
emerson royal,1999-01-14
emil krafth,1994-08-02
emile smith rowe,2000-07-28
emiliano martínez,1992-09-01
emmanuel agbadou,1997-06-17
enes ünal,1997-05-10
enzo fernández,2001-01-17
erling haaland,2000-07-21
ethan nwaneri,2007-03-21
ethan pinnock,1993-05-29
evan ferguson,2004-10-19
evanilson,1999-10-06
ezri konsa,1997-10-23
fabian schär,1991-12-20
fabio carvalho,2002-08-30
facundo buonanotte,2004-12-23
facundo pellistri,2001-12-20
felipe,
ferdi kadıoğlu,1999-10-07
filip jørgensen,2002-04-16
flynn downes,1999-01-20
frank onyeka,1998-01-01
fraser forster,1988-03-17
fred onyedinma,1996-11-24
fábio silva,
fábio vieira,
gabriel jesus,1997-04-03
gabriel magalhães,1983-09-03
gabriel martinelli,2001-06-18
gabriel osho,1998-08-14
george baldock,1993-03-09
george earthy,2004-09-05
george hirst,1999-02-15
georginio rutter,2002-04-20
giovani lo celso,1996-04-09
giovanni reyna,2002-11-13
gonzalo montiel,1997-01-01
gonçalo guedes,1996-11-29
guglielmo vicario,1996-10-07
guido rodríguez,1994-04-12
gustavo hamer,1997-06-24
hamed junior traorè,2000-02-16
hamza choudhury,1997-10-01
hannes delcroix,1999-02-28
hannibal mejbri,2003-01-21
harrison reed,1813-08-26
harry amass,2007-03-16
harry clarke,1889-03-17
harry maguire,1993-03-05
harry toffolo,1995-08-19
harry wilson,1997-03-22
harry winks,1996-02-02
harvey barnes,1997-12-09
harvey elliott,2003-04-04
hee-chan hwang,1996-01-26
heung-min son,1992-07-08
hjalmar ekdal,
hugo bueno,2002-09-18
hákon rafn valdimarsson,2001-10-13
ian maatsen,2002-03-10
ibrahim sangaré,1997-12-02
ibrahima konaté,1999-05-25
idrissa gueye,1989-09-26
igor júlio,1998-02-07
iliman ndiaye,2000-03-06
illia zabarnyi,2002-09-01
ismaïla sarr,1998-02-25
issa diop,1997-01-09
issa kaboré,2001-05-12
ivan perišić,1989-02-02
ivan toney,1996-03-16
ivo grbić,1996-01-18
i̇lkay gündoğan,1990-10-24
jack clarke,2000-11-23
jack grealish,1995-09-10
jack harrison,1916-08-27
jack hinshelwood,2005-04-11
jack robinson,1870-04-22
jack stephens,2000-01-01
jack taylor,1926-10-21
jacob brown,
jacob bruun larsen,1998-09-19
jacob greaves,2000-09-12
jacob murphy,1995-02-24
jacob ramsey,2001-05-28
jaden philogene-bidace,2002-02-08
jadon sancho,2000-03-25
jaidon anthony,1999-12-01
jake o'brien,2000-00-00
jakub kiwior,2000-02-15
jakub moder,1999-04-07
jakub stolarczyk,2000-12-19
jamaal lascelles,1993-11-11
james bree,1923-07-20
james garner,1928-04-07
james hill,1960-10-05
james justin,1998-02-23
james maddison,1996-11-23
james mcatee,2002-10-18
james milner,1986-01-04
james shea,1991-06-16
james tarkowski,1992-11-19
james trafford,2002-10-10
james ward-prowse,1994-11-01
jamie vardy,1987-01-11
jan bednarek,1955-08-10
jan paul van hecke,2000-06-08
jannik vestergaard,1992-08-03
jarell quansah,2003-01-29
jarrad branthwaite,2002-06-27
jarrod bowen,1996-12-20
jason steele,1948-07-26
jay rodriguez,1989-07-29
jayden bogle,2000-07-27
jean-clair todibo,1999-12-30
jean-philippe mateta,1997-06-28
jean-ricner bellegarde,1998-06-27
jefferson lerma,1994-10-25
jeffrey schlupp,1992-12-23
jens cajuste,1999-08-10
jeremy monga,2009-07-10
jesper lindstrøm,2000-02-29
jesurun rak-sakyi,2002-10-05
jhon durán,2003-12-13
joachim andersen,1996-05-31
joe aribo,1996-07-21
joe gomez,1997-05-23
joe lumley,1995-02-15
joe rothwell,1995-01-11
joe willock,1999-08-20
joe worrall,1997-01-10
joel ward,1989-10-29
joelinton,
john mcginn,1994-10-18
john stones,1994-05-28
jonny evans,1988-01-03
jordan ayew,1991-09-11
jordan beyer,2000-05-19
jordan clark,
jordan pickford,1994-03-07
jorginho,1991-12-20
josh acheampong,2006-05-05
josh brownhill,1995-12-19
josh cullen,1996-04-07
joshua king,1992-01-15
joshua zirkzee,2001-05-22
josé sá,1930-04-24
jota silva,1999-08-01
joão félix,1999-11-10
joão gomes,2002-07-31
joão palhinha,1995-07-09
joão pedro,2001-09-26
joël matip,1991-08-08
joël veltman,1992-01-15
joško gvardiol,2002-06-23
julio enciso,2004-01-23
julián álvarez,2000-01-31
jurriën timber,2001-06-17
justin devenny,2003-10-11
justin kluivert,1999-05-05
jérémy doku,2002-05-27
jóhann guðmundsson,1990-10-27
jørgen strand larsen,2000-02-06
kai havertz,1999-06-11
kalvin phillips,1995-12-02
kamaldeen sulemana,2002-02-15
kaoru mitoma,1997-05-20
kasey mcateer,2001-11-22
keane lewis-potter,2001-02-22
kenny tete,1995-10-09
kepa arrizabalaga,1994-10-03
kevin danso,1998-09-19
kevin de bruyne,1991-06-28
kevin schade,2001-11-27
kieffer moore,1992-08-08
kieran tierney,1997-06-05
kieran trippier,1990-09-19
kiernan dewsbury-hall,1998-09-06
kobbie mainoo,2005-04-19
konstantinos mavropanos,1997-12-11
konstantinos tsimikas,1996-05-12
kristoffer ajer,1998-04-17
kurt zouma,1994-10-27
kyle walker,1990-05-28
kyle walker-peters,1997-04-13
lamare bogarde,2004-01-05
leander dendoncker,1995-04-15
leandro trossard,1994-12-04
leif davis,1999-12-31
leny yoro,2005-11-13
leon bailey,
lesley ugochukwu,2004-03-26
levi colwill,2003-02-26
lewis cook,1997-02-03
lewis dobbin,2003-01-03
lewis dunk,1991-11-21
lewis hall,
lewis miley,2006-05-01
liam delap,2003-02-08
lisandro martínez,1998-01-18
lloyd kelly,1998-10-06
lorenz assignon,2000-06-22
luca koleosho,2004-09-15
lucas bergvall,2006-02-02
lucas digne,1993-07-20
lucas paquetá,1997-08-27
luis díaz,
luis sinisterra,1999-06-17
luke berry,
luke shaw,1995-07-12
luke thomas,2002-10-19
luke woolfenden,1998-10-21
lyle foster,2000-09-04
mads hermansen,2000-07-11
mads juel andersen,1997-12-27
mads roerslev,1999-06-24
mahmoud dahoud,1996-01-01
malo gusto,2003-05-19
manor solomon,1999-07-24
manuel akanji,1995-07-19
manuel benson,1997-03-28
manuel ugarte,1875-02-27
marc cucurella,1998-07-22
marc guéhi,2000-07-13
marco asensio,1996-01-21
marcos senesi,1997-05-10
marcus rashford,1997-10-31
marcus tavernier,1999-03-22
mario lemina,1993-09-01
mark flekken,1993-06-13
mark travers,
marshall munetsi,1996-06-22
martin dúbravka,1989-01-15
martin ødegaard,1998-12-17
marvelous nakamba,1994-01-19
mason holgate,1996-10-22
mason mount,1999-01-10
mateo kovačić,1994-05-06
mateus fernandes,1401-00-00
matheus cunha,1999-05-27
matheus frança,
matheus nunes,2003-05-05
mathias jensen,1996-01-01
mathys tel,2005-04-27
mats wieffer,1999-11-16
matt doherty,1992-01-16
matt o'riley,2000-11-21
matt ritchie,1989-09-10
matt turner,2000-01-01
matthijs de ligt,1999-08-12
matty cash,1997-08-07
matz sels,1992-02-26
max aarons,2000-01-04
max kilman,1833-05-05
max lowe,1997-05-11
maxence lacroix,2000-04-06
maxime estève,2002-05-26
maxwel cornet,1996-09-27
michael kayode,2004-07-10
michael keane,1993-01-11
michael obafemi,2000-07-06
michael olise,2001-12-12
michail antonio,1990-03-28
micky van de ven,2001-04-19
miguel almirón,1994-02-10
mike trésor,1999-05-28
mikel merino,1996-06-22
mikey moore,2007-08-11
mikkel damsgaard,2000-07-03
miloš kerkez,2003-11-07
mohamed elneny,1992-07-11
mohamed salah,1992-06-15
mohammed kudus,2000-08-02
moisés caicedo,2001-11-02
morato,
morgan gibbs-white,2000-01-27
morgan rogers,
moussa diaby,1999-07-07
moussa niakhaté,1996-03-08
murillo,
mykhaylo mudryk,2001-01-05
myles lewis-skelly,2006-09-26
nathan aké,1995-02-18
nathan broadhead,1998-04-05
nathan collins,
nathan patterson,2001-10-16
nathan redmond,1994-03-06
nathan wood,
nathaniel clyne,1991-04-05
nayef aguerd,1996-03-30
neal maupay,1996-08-14
neco williams,2001-04-13
neto,
nick pope,1992-04-19
niclas füllkrug,1993-02-09
nico gonzález,1998-04-06
nico o'reilly,2005-03-21
nicolas jackson,2001-06-20
nicolás domínguez,1998-06-28
nicolò zaniolo,1999-07-02
nikola milenković,1997-10-12
noni madueke,2002-03-10
noussair mazraoui,1997-11-14
nuno tavares,
nélson semedo,1993-11-16
odsonne édouard,1998-01-16
odysseas vlachodimos,1994-04-26
ola aina,1996-10-08
oleksandr zinchenko,1996-12-15
oliver arblaster,2004-05-05
oliver mcburnie,1996-06-04
oliver norwood,1991-04-12
oliver scarles,2005-12-12
oliver skipp,2000-09-16
ollie watkins,1995-12-30
omar marmoush,1999-02-07
omari forson,2004-07-20
omari hutchinson,2003-10-29
orel mangala,1998-03-18
oscar bobb,2003-07-12
pablo fornals,1996-02-22
pablo sarabia,1992-05-11
pape matar sarr,2002-09-14
pascal groß,1991-06-15
patrick dorgu,2004-10-26
patson daka,1998-10-09
pau torres,1997-01-16
paul onuachu,1994-05-28
pedro lima,1971-04-20
pedro neto,2000-03-09
pedro porro,1999-09-13
pelly ruddock mpanzu,1994-03-22
pervis estupiñán,1998-01-21
phil foden,2000-05-28
philip billing,1996-06-11
pierre-emile højbjerg,1995-08-05
radu drăguşin,2002-02-03
raheem sterling,1994-12-08
ramón sosa,1999-08-31
raphaël varane,1993-04-25
rasmus højlund,2003-02-04
rayan aït nouri,2001-06-06
raúl jiménez,1991-05-05
reece burke,1996-09-02
reece james,1999-12-08
reiss nelson,1999-12-10
renato veiga,2003-07-29
ricardo pereira,1993-10-06
riccardo calafiori,2002-05-19
richarlison,1997-05-10
rico henry,1997-07-08
rico lewis,2004-11-21
robert sánchez,1997-11-18
robin olsen,1990-01-08
rodri,1996-06-22
rodrigo bentancur,1997-06-25
rodrigo gomes,2003-01-01
rodrigo muniz,2001-05-04
romain esse,2005-05-13
romain faivre,1998-07-14
roméo lavia,2004-01-06
ross barkley,1993-12-05
ross stewart,1996-09-01
ryan christie,1995-02-22
ryan giles,2000-01-26
ryan gravenberch,2002-05-16
ryan manning,1996-06-14
ryan sessegnon,2000-05-18
ryan yates,1997-11-21
rúben dias,1997-05-14
sam johnstone,1993-03-25
sam morsy,1991-09-10
saman ghoddos,1993-09-06
sammie szmodics,1995-09-24
sander berge,1998-02-14
sandro tonali,2000-05-08
santiago bueno,1998-11-09
savinho,2004-04-10
saïd benrahma,1995-08-10
saša kalajdžić,1997-07-07
saša lukić,1996-08-13
scott mckenna,1996-11-12
scott mctominay,1996-12-08
sean longstaff,1997-10-30
sepp van den berg,2001-12-20
serge aurier,1992-12-24
sergio gómez,1981-07-19
sergio reguilón,1996-12-16
shandon baptiste,1998-04-08
simon adingra,2002-01-01
sofyan amrabat,1996-08-21
solly march,1994-07-20
stefan ortega,1992-11-06
stephy mavididi,1998-05-31
sven botman,2000-01-12
séamus coleman,1988-10-11
tahith chong,1999-12-04
taiwo awoniyi,1997-08-12
takehiro tomiyasu,1998-11-05
tariq lamptey,2000-09-30
taylor harwood-bellis,2002-01-30
teden mengi,2002-04-30
thiago silva,1984-09-22
thomas kaminski,1992-10-23
thomas partey,
thomas strakosha,1995-03-19
tim iroegbunam,2003-06-30
tim ream,1987-10-05
timo werner,1996-03-06
timothy castagne,1995-12-05
toby collyer,2004-01-03
tom cairney,1991-01-20
tom lockyer,1994-12-03
tommy doyle,1998-05-06
tomáš souček,1995-02-27
tosin adarabioyo,1997-09-24
toti gomes,1999-01-16
trent alexander-arnold,1998-10-07
trevoh chalobah,1999-07-05
tyler adams,1999-02-14
tyler dibling,2006-03-12
tyler fredricson,2005-02-23
tyrick mitchell,1999-09-01
tyrique george,2006-02-04
tyrone mings,1993-03-13
valentino livramento,2002-11-12
valentín barco,2004-07-23
victor kristiansen,2002-12-16
victor lindelöf,1994-07-17
vinícius souza,
virgil van dijk,1991-07-08
vitaliy mykolenko,1999-05-29
vitaly janelt,1998-05-10
vitinho,2000-01-04
vladimír coufal,1992-08-22
vítězslav jaroš,2001-07-23
wataru endo,1993-02-09
welington,
wes burns,1994-11-23
wes foderingham,1991-01-14
wesley foderingham,1991-01-14
wesley fofana,1988-01-20
wilfred ndidi,1996-12-16
will hughes,1995-04-17
will smallbone,2000-02-21
william osula,2003-08-04
william saliba,2001-03-24
willian,1988-08-09
willy boly,1991-02-03
wilson odobert,2004-11-28
wout faes,1998-04-03
yankuba minteh,2004-07-22
yasin ayari,2003-10-06
yasser larouci,2001-01-01
yehor yarmoliuk,
yehor yarmolyuk,2004-03-01
yerson mosquera,2001-05-02
yoane wissa,1996-09-03
youri tielemans,1997-05-07
youssef chermiti,2004-05-24
yukinari sugawara,2000-06-28
yves bissouma,1996-08-30
zanka,1990-04-23
zeki amdouni,2000-12-04
álex moreno,1993-06-08
đorđe petrović,
łukasz fabiański,1985-04-18
